number of experiment,number of epochs,number of classes,mask_filled,architecture,batch size,learning rate schedule,learning rate initial value,augmentation,Loss function,Optimizer,training loss,validation loss,validation Dice score,validation Jaccard Score,number of GPUs,CLAHE equalization,time
1,17,2,No,Unet-Standard,8,Cosine,10^-5,HFlip+VFlip+Rotation,Switching Loss,Adam,1.357,1.211,0.591,0.295,1,No,4.9hr
2,25,2,yes,Unet-Standard,8,Cosine,10^-5,No,Switching Loss,Adam,1.321,1.202,0.612,0.306,1,No,2.9hr
3,35,2,No,Unet-Standard,8,Cosine,10^-5,No,Switching Loss,Adam,1.26,1.22,0.59,0.296,1,No,4.2hr
4,25,2,No,Unet-Standard,8,Cosine,0.01,No,Switching Loss,Adam,1.275,1.22,0.59,0.295,1,No,1.8hr
5,24,2,No,Unet-Standard,8,Cosine,10^-5,No,Dice+Inv_Dice,Adam,0.5897,0.46,0.5914,0.295,1,No,2.8hr
6,51,2,No,Unet-Standard,8,Cosine,10^-5,No,Dice+BCE,Adam,1.23,1.04,0.593,0.296,1,No,5.95hr
7,33,2,No,Unet-Standard,8,Cosine,10^-5,Yes,Switching Loss,SGD,1.3,1.2,0.593,0.297,1,No,7.7hr
8,61,2,yes,Unet-DoubleFilterNumber,8,Cosine,10^-5,No,Switching Loss,Adam,1.261,1.18,0.628,0.314,1,No,7.2hr
9,10,2,No,Unet-Standard,8,Step,10^-5,No,Switching Loss,Adam,1.49,1.14,0.591,0.305,1,No,1hr
10,12,2,No,Unet-standard,8,Cosine,10^-5,No,Dice+L2penalty,SGD,8.3,8.1,0.591,0.31,1,No,1.5hr
11,207,2,No,Unet-Standard,8,Cosine,10^-5,No,Dice+Inv_Dice,SGD,0.69,0.59,0.499,0.249,1,No,13hr
12,129,2,Yes,Unet-DoubleFilterNumber,8,Cosine,10^-5,No,Dice,SGD,0.697,0.47,0.629,0.314,1,No,15hr
13,55,2,No,Unet-Standard,8,Cosine,10^-4,Yes,Dice,Adam,0.728,0.507,0.49,0.246,1,No,13hr