Experiment,number of epochs,Learning rate,optimizer,scheduler,EMBEDDING_DIM ,Architecture,number of LSTM layers,number of hidden units,Dropout,train loss,training Accuracy,validation loss,validation Accuracy,test loss,test accuracy
1,5,0.001,Adam,---,100,Bidirectional LSTM,2,256,0.5,0.277,88.50%,0.288,88.22%,0.283,88.22%
2,100,0.001,Adam,---,100,Bidirectional LSTM,2,256,0.5,0.002,99.93%,0.956,88.67%,0.272,89.04%
3,5,0.001,Adam,---,100,Bidirectional LSTM,2,256,0,0.209,91.87%,0.341,86.74%,0.335,85.90%
4,5,0.001,Adam,---,100,uni-directional LSTM,2,256,0,0.168,94.13%,0.397,84.25%,0.351,84.54%
5,5,0.001,Adam,---,100,Bidirectional LSTM,4,256,0,0.498,76.38%,0.36,84.80%,0.362,84.56%
6,5,0.001,Adam,---,100,Bidirectional LSTM,1,256,0,0.174,93.24%,0.355,86.05%,0.353,85.78%
7,5,0.001,Adam,---,300,Bidirectional LSTM,2,256,0,0.089,97.02%,0.381,87.18%,0.315,87.50%
8,5,0.001,Adam,---,50,Bidirectional LSTM,2,256,0,0.202,92.48%,0.355,86.74%,0.323,86.61%
9,5,0.001,Adam,---,300,Bidirectional LSTM,2,512,0,0.093,97.00%,0.352,87.96%,0.316,86.76%
10,5,0.001,Adam,CosineAnnealing,300,Bidirectional LSTM,2,256,0,0.226,91.40%,0.33,86.60%,0.339,86.10%
11,5,0.001,Adam,StepLR,300,Bidirectional LSTM,2,256,0,0.694,50.33%,0.694,49.21%,0.694,49.99%